{
    "~DuckietownMap": {
        "tile_size": 0.585
    },
    "~PlacedObject": {
        "children": {
            "tilemap": {
                "~TileMap": {
                    "H": 5,
                    "W": 5
                },
                "~PlacedObject": {
                    "children": {
                        "tile-0-4": {
                            "~Tile": {
                                "kind": "asphalt",
                                "drivable": false
                            },
                            "~PlacedObject": {}
                        },
                        "tile-1-4": {
                            "~Tile": {
                                "kind": "asphalt",
                                "drivable": false
                            },
                            "~PlacedObject": {}
                        },
                        "tile-2-4": {
                            "~Tile": {
                                "kind": "asphalt",
                                "drivable": false
                            },
                            "~PlacedObject": {}
                        },
                        "tile-3-4": {
                            "~Tile": {
                                "kind": "asphalt",
                                "drivable": false
                            },
                            "~PlacedObject": {}
                        },
                        "tile-4-4": {
                            "~Tile": {
                                "kind": "asphalt",
                                "drivable": false
                            },
                            "~PlacedObject": {}
                        },
                        "tile-0-3": {
                            "~Tile": {
                                "kind": "asphalt",
                                "drivable": false
                            },
                            "~PlacedObject": {}
                        },
                        "tile-1-3": {
                            "~Tile": {
                                "kind": "curve_left",
                                "drivable": true
                            },
                            "~PlacedObject": {
                                "children": {
                                    "curve_left": {
                                        "~PlacedObject": {
                                            "children": {
                                                "curve": {
                                                    "~PlacedObject": {
                                                        "children": {
                                                            "lane1": {
                                                                "~LaneSegment": {
                                                                    "width": 0.376,
                                                                    "control_points": [
                                                                        {
                                                                            "~SE2Transform": {
                                                                                "theta": 0.0,
                                                                                "p": [
                                                                                    -0.5,
                                                                                    -0.22
                                                                                ]
                                                                            }
                                                                        },
                                                                        {
                                                                            "~SE2Transform": {
                                                                                "theta_deg": -45,
                                                                                "p": [
                                                                                    -0.3,
                                                                                    -0.3
                                                                                ]
                                                                            }
                                                                        },
                                                                        {
                                                                            "~SE2Transform": {
                                                                                "theta_deg": -90,
                                                                                "p": [
                                                                                    -0.22,
                                                                                    -0.5
                                                                                ]
                                                                            }
                                                                        }
                                                                    ]
                                                                },
                                                                "~PlacedObject": {}
                                                            },
                                                            "lane2": {
                                                                "~LaneSegment": {
                                                                    "width": 0.376,
                                                                    "control_points": [
                                                                        {
                                                                            "~SE2Transform": {
                                                                                "theta": 0.0,
                                                                                "p": [
                                                                                    -0.5,
                                                                                    -0.22
                                                                                ]
                                                                            }
                                                                        },
                                                                        {
                                                                            "~SE2Transform": {
                                                                                "theta_deg": 45
                                                                            }
                                                                        },
                                                                        {
                                                                            "~SE2Transform": {
                                                                                "theta_deg": 90,
                                                                                "p": [
                                                                                    0.22,
                                                                                    0.5
                                                                                ]
                                                                            }
                                                                        }
                                                                    ]
                                                                },
                                                                "~PlacedObject": {}
                                                            }
                                                        },
                                                        "spatial_relations": {
                                                            "lane1": {
                                                                "~GroundTruth": {},
                                                                "~SpatialRelation": {
                                                                    "b": [
                                                                        "lane1"
                                                                    ],
                                                                    "transform": {
                                                                        "~SE2Transform": {
                                                                            "theta": 0.0
                                                                        }
                                                                    }
                                                                }
                                                            },
                                                            "lane2": {
                                                                "~GroundTruth": {},
                                                                "~SpatialRelation": {
                                                                    "b": [
                                                                        "lane2"
                                                                    ],
                                                                    "transform": {
                                                                        "~SE2Transform": {
                                                                            "theta_deg": 90
                                                                        }
                                                                    }
                                                                }
                                                            }
                                                        }
                                                    }
                                                }
                                            },
                                            "spatial_relations": {
                                                "curve": {
                                                    "~GroundTruth": {},
                                                    "~SpatialRelation": {
                                                        "b": [
                                                            "curve"
                                                        ],
                                                        "transform": {
                                                            "~SE2Transform": {
                                                                "theta_deg": 270
                                                            }
                                                        }
                                                    }
                                                }
                                            }
                                        }
                                    }
                                },
                                "spatial_relations": {
                                    "1": {
                                        "~GroundTruth": {},
                                        "~SpatialRelation": {
                                            "b": [
                                                "curve_left"
                                            ],
                                            "transform": {
                                                "~SE2Transform": {
                                                    "theta": 0.0
                                                }
                                            }
                                        }
                                    }
                                }
                            }
                        },
                        "tile-2-3": {
                            "~Tile": {
                                "kind": "straight",
                                "drivable": true
                            },
                            "~PlacedObject": {
                                "children": {
                                    "straight": {
                                        "~PlacedObject": {
                                            "children": {
                                                "lane1": {
                                                    "~LaneSegment": {
                                                        "width": 0.376,
                                                        "control_points": [
                                                            {
                                                                "~SE2Transform": {
                                                                    "theta": 0.0,
                                                                    "p": [
                                                                        -0.5,
                                                                        -0.22
                                                                    ]
                                                                }
                                                            },
                                                            {
                                                                "~SE2Transform": {
                                                                    "theta": 0.0,
                                                                    "p": [
                                                                        0.5,
                                                                        -0.22
                                                                    ]
                                                                }
                                                            }
                                                        ]
                                                    },
                                                    "~PlacedObject": {}
                                                },
                                                "lane2": {
                                                    "~LaneSegment": {
                                                        "width": 0.376,
                                                        "control_points": [
                                                            {
                                                                "~SE2Transform": {
                                                                    "theta": 0.0,
                                                                    "p": [
                                                                        -0.5,
                                                                        -0.22
                                                                    ]
                                                                }
                                                            },
                                                            {
                                                                "~SE2Transform": {
                                                                    "theta": 0.0,
                                                                    "p": [
                                                                        0.5,
                                                                        -0.22
                                                                    ]
                                                                }
                                                            }
                                                        ]
                                                    },
                                                    "~PlacedObject": {}
                                                }
                                            },
                                            "spatial_relations": {
                                                "lane1": {
                                                    "~GroundTruth": {},
                                                    "~SpatialRelation": {
                                                        "b": [
                                                            "lane1"
                                                        ],
                                                        "transform": {
                                                            "~SE2Transform": {
                                                                "theta": 0.0
                                                            }
                                                        }
                                                    }
                                                },
                                                "lane2": {
                                                    "~GroundTruth": {},
                                                    "~SpatialRelation": {
                                                        "b": [
                                                            "lane2"
                                                        ],
                                                        "transform": {
                                                            "~SE2Transform": {
                                                                "theta_deg": 180
                                                            }
                                                        }
                                                    }
                                                }
                                            }
                                        }
                                    }
                                },
                                "spatial_relations": {
                                    "1": {
                                        "~GroundTruth": {},
                                        "~SpatialRelation": {
                                            "b": [
                                                "straight"
                                            ],
                                            "transform": {
                                                "~SE2Transform": {
                                                    "theta": 0.0
                                                }
                                            }
                                        }
                                    }
                                }
                            }
                        },
                        "tile-3-3": {
                            "~Tile": {
                                "kind": "curve_left",
                                "drivable": true
                            },
                            "~PlacedObject": {
                                "children": {
                                    "curve_left": {
                                        "~PlacedObject": {
                                            "children": {
                                                "curve": {
                                                    "~PlacedObject": {
                                                        "children": {
                                                            "lane1": {
                                                                "~LaneSegment": {
                                                                    "width": 0.376,
                                                                    "control_points": [
                                                                        {
                                                                            "~SE2Transform": {
                                                                                "theta": 0.0,
                                                                                "p": [
                                                                                    -0.5,
                                                                                    -0.22
                                                                                ]
                                                                            }
                                                                        },
                                                                        {
                                                                            "~SE2Transform": {
                                                                                "theta_deg": -45,
                                                                                "p": [
                                                                                    -0.3,
                                                                                    -0.3
                                                                                ]
                                                                            }
                                                                        },
                                                                        {
                                                                            "~SE2Transform": {
                                                                                "theta_deg": -90,
                                                                                "p": [
                                                                                    -0.22,
                                                                                    -0.5
                                                                                ]
                                                                            }
                                                                        }
                                                                    ]
                                                                },
                                                                "~PlacedObject": {}
                                                            },
                                                            "lane2": {
                                                                "~LaneSegment": {
                                                                    "width": 0.376,
                                                                    "control_points": [
                                                                        {
                                                                            "~SE2Transform": {
                                                                                "theta": 0.0,
                                                                                "p": [
                                                                                    -0.5,
                                                                                    -0.22
                                                                                ]
                                                                            }
                                                                        },
                                                                        {
                                                                            "~SE2Transform": {
                                                                                "theta_deg": 45
                                                                            }
                                                                        },
                                                                        {
                                                                            "~SE2Transform": {
                                                                                "theta_deg": 90,
                                                                                "p": [
                                                                                    0.22,
                                                                                    0.5
                                                                                ]
                                                                            }
                                                                        }
                                                                    ]
                                                                },
                                                                "~PlacedObject": {}
                                                            }
                                                        },
                                                        "spatial_relations": {
                                                            "lane1": {
                                                                "~GroundTruth": {},
                                                                "~SpatialRelation": {
                                                                    "b": [
                                                                        "lane1"
                                                                    ],
                                                                    "transform": {
                                                                        "~SE2Transform": {
                                                                            "theta": 0.0
                                                                        }
                                                                    }
                                                                }
                                                            },
                                                            "lane2": {
                                                                "~GroundTruth": {},
                                                                "~SpatialRelation": {
                                                                    "b": [
                                                                        "lane2"
                                                                    ],
                                                                    "transform": {
                                                                        "~SE2Transform": {
                                                                            "theta_deg": 90
                                                                        }
                                                                    }
                                                                }
                                                            }
                                                        }
                                                    }
                                                }
                                            },
                                            "spatial_relations": {
                                                "curve": {
                                                    "~GroundTruth": {},
                                                    "~SpatialRelation": {
                                                        "b": [
                                                            "curve"
                                                        ],
                                                        "transform": {
                                                            "~SE2Transform": {
                                                                "theta_deg": 270
                                                            }
                                                        }
                                                    }
                                                }
                                            }
                                        }
                                    }
                                },
                                "spatial_relations": {
                                    "1": {
                                        "~GroundTruth": {},
                                        "~SpatialRelation": {
                                            "b": [
                                                "curve_left"
                                            ],
                                            "transform": {
                                                "~SE2Transform": {
                                                    "theta": 0.0
                                                }
                                            }
                                        }
                                    }
                                }
                            }
                        },
                        "tile-4-3": {
                            "~Tile": {
                                "kind": "asphalt",
                                "drivable": false
                            },
                            "~PlacedObject": {}
                        },
                        "tile-0-2": {
                            "~Tile": {
                                "kind": "asphalt",
                                "drivable": false
                            },
                            "~PlacedObject": {}
                        },
                        "tile-1-2": {
                            "~Tile": {
                                "kind": "straight",
                                "drivable": true
                            },
                            "~PlacedObject": {
                                "children": {
                                    "straight": {
                                        "~PlacedObject": {
                                            "children": {
                                                "lane1": {
                                                    "~LaneSegment": {
                                                        "width": 0.376,
                                                        "control_points": [
                                                            {
                                                                "~SE2Transform": {
                                                                    "theta": 0.0,
                                                                    "p": [
                                                                        -0.5,
                                                                        -0.22
                                                                    ]
                                                                }
                                                            },
                                                            {
                                                                "~SE2Transform": {
                                                                    "theta": 0.0,
                                                                    "p": [
                                                                        0.5,
                                                                        -0.22
                                                                    ]
                                                                }
                                                            }
                                                        ]
                                                    },
                                                    "~PlacedObject": {}
                                                },
                                                "lane2": {
                                                    "~LaneSegment": {
                                                        "width": 0.376,
                                                        "control_points": [
                                                            {
                                                                "~SE2Transform": {
                                                                    "theta": 0.0,
                                                                    "p": [
                                                                        -0.5,
                                                                        -0.22
                                                                    ]
                                                                }
                                                            },
                                                            {
                                                                "~SE2Transform": {
                                                                    "theta": 0.0,
                                                                    "p": [
                                                                        0.5,
                                                                        -0.22
                                                                    ]
                                                                }
                                                            }
                                                        ]
                                                    },
                                                    "~PlacedObject": {}
                                                }
                                            },
                                            "spatial_relations": {
                                                "lane1": {
                                                    "~GroundTruth": {},
                                                    "~SpatialRelation": {
                                                        "b": [
                                                            "lane1"
                                                        ],
                                                        "transform": {
                                                            "~SE2Transform": {
                                                                "theta": 0.0
                                                            }
                                                        }
                                                    }
                                                },
                                                "lane2": {
                                                    "~GroundTruth": {},
                                                    "~SpatialRelation": {
                                                        "b": [
                                                            "lane2"
                                                        ],
                                                        "transform": {
                                                            "~SE2Transform": {
                                                                "theta_deg": 180
                                                            }
                                                        }
                                                    }
                                                }
                                            }
                                        }
                                    }
                                },
                                "spatial_relations": {
                                    "1": {
                                        "~GroundTruth": {},
                                        "~SpatialRelation": {
                                            "b": [
                                                "straight"
                                            ],
                                            "transform": {
                                                "~SE2Transform": {
                                                    "theta": 0.0
                                                }
                                            }
                                        }
                                    }
                                }
                            }
                        },
                        "tile-2-2": {
                            "~Tile": {
                                "kind": "asphalt",
                                "drivable": false
                            },
                            "~PlacedObject": {}
                        },
                        "tile-3-2": {
                            "~Tile": {
                                "kind": "straight",
                                "drivable": true
                            },
                            "~PlacedObject": {
                                "children": {
                                    "straight": {
                                        "~PlacedObject": {
                                            "children": {
                                                "lane1": {
                                                    "~LaneSegment": {
                                                        "width": 0.376,
                                                        "control_points": [
                                                            {
                                                                "~SE2Transform": {
                                                                    "theta": 0.0,
                                                                    "p": [
                                                                        -0.5,
                                                                        -0.22
                                                                    ]
                                                                }
                                                            },
                                                            {
                                                                "~SE2Transform": {
                                                                    "theta": 0.0,
                                                                    "p": [
                                                                        0.5,
                                                                        -0.22
                                                                    ]
                                                                }
                                                            }
                                                        ]
                                                    },
                                                    "~PlacedObject": {}
                                                },
                                                "lane2": {
                                                    "~LaneSegment": {
                                                        "width": 0.376,
                                                        "control_points": [
                                                            {
                                                                "~SE2Transform": {
                                                                    "theta": 0.0,
                                                                    "p": [
                                                                        -0.5,
                                                                        -0.22
                                                                    ]
                                                                }
                                                            },
                                                            {
                                                                "~SE2Transform": {
                                                                    "theta": 0.0,
                                                                    "p": [
                                                                        0.5,
                                                                        -0.22
                                                                    ]
                                                                }
                                                            }
                                                        ]
                                                    },
                                                    "~PlacedObject": {}
                                                }
                                            },
                                            "spatial_relations": {
                                                "lane1": {
                                                    "~GroundTruth": {},
                                                    "~SpatialRelation": {
                                                        "b": [
                                                            "lane1"
                                                        ],
                                                        "transform": {
                                                            "~SE2Transform": {
                                                                "theta": 0.0
                                                            }
                                                        }
                                                    }
                                                },
                                                "lane2": {
                                                    "~GroundTruth": {},
                                                    "~SpatialRelation": {
                                                        "b": [
                                                            "lane2"
                                                        ],
                                                        "transform": {
                                                            "~SE2Transform": {
                                                                "theta_deg": 180
                                                            }
                                                        }
                                                    }
                                                }
                                            }
                                        }
                                    }
                                },
                                "spatial_relations": {
                                    "1": {
                                        "~GroundTruth": {},
                                        "~SpatialRelation": {
                                            "b": [
                                                "straight"
                                            ],
                                            "transform": {
                                                "~SE2Transform": {
                                                    "theta": 0.0
                                                }
                                            }
                                        }
                                    }
                                }
                            }
                        },
                        "tile-4-2": {
                            "~Tile": {
                                "kind": "asphalt",
                                "drivable": false
                            },
                            "~PlacedObject": {}
                        },
                        "tile-0-1": {
                            "~Tile": {
                                "kind": "asphalt",
                                "drivable": false
                            },
                            "~PlacedObject": {}
                        },
                        "tile-1-1": {
                            "~Tile": {
                                "kind": "curve_left",
                                "drivable": true
                            },
                            "~PlacedObject": {
                                "children": {
                                    "curve_left": {
                                        "~PlacedObject": {
                                            "children": {
                                                "curve": {
                                                    "~PlacedObject": {
                                                        "children": {
                                                            "lane1": {
                                                                "~LaneSegment": {
                                                                    "width": 0.376,
                                                                    "control_points": [
                                                                        {
                                                                            "~SE2Transform": {
                                                                                "theta": 0.0,
                                                                                "p": [
                                                                                    -0.5,
                                                                                    -0.22
                                                                                ]
                                                                            }
                                                                        },
                                                                        {
                                                                            "~SE2Transform": {
                                                                                "theta_deg": -45,
                                                                                "p": [
                                                                                    -0.3,
                                                                                    -0.3
                                                                                ]
                                                                            }
                                                                        },
                                                                        {
                                                                            "~SE2Transform": {
                                                                                "theta_deg": -90,
                                                                                "p": [
                                                                                    -0.22,
                                                                                    -0.5
                                                                                ]
                                                                            }
                                                                        }
                                                                    ]
                                                                },
                                                                "~PlacedObject": {}
                                                            },
                                                            "lane2": {
                                                                "~LaneSegment": {
                                                                    "width": 0.376,
                                                                    "control_points": [
                                                                        {
                                                                            "~SE2Transform": {
                                                                                "theta": 0.0,
                                                                                "p": [
                                                                                    -0.5,
                                                                                    -0.22
                                                                                ]
                                                                            }
                                                                        },
                                                                        {
                                                                            "~SE2Transform": {
                                                                                "theta_deg": 45
                                                                            }
                                                                        },
                                                                        {
                                                                            "~SE2Transform": {
                                                                                "theta_deg": 90,
                                                                                "p": [
                                                                                    0.22,
                                                                                    0.5
                                                                                ]
                                                                            }
                                                                        }
                                                                    ]
                                                                },
                                                                "~PlacedObject": {}
                                                            }
                                                        },
                                                        "spatial_relations": {
                                                            "lane1": {
                                                                "~GroundTruth": {},
                                                                "~SpatialRelation": {
                                                                    "b": [
                                                                        "lane1"
                                                                    ],
                                                                    "transform": {
                                                                        "~SE2Transform": {
                                                                            "theta": 0.0
                                                                        }
                                                                    }
                                                                }
                                                            },
                                                            "lane2": {
                                                                "~GroundTruth": {},
                                                                "~SpatialRelation": {
                                                                    "b": [
                                                                        "lane2"
                                                                    ],
                                                                    "transform": {
                                                                        "~SE2Transform": {
                                                                            "theta_deg": 90
                                                                        }
                                                                    }
                                                                }
                                                            }
                                                        }
                                                    }
                                                }
                                            },
                                            "spatial_relations": {
                                                "curve": {
                                                    "~GroundTruth": {},
                                                    "~SpatialRelation": {
                                                        "b": [
                                                            "curve"
                                                        ],
                                                        "transform": {
                                                            "~SE2Transform": {
                                                                "theta_deg": 270
                                                            }
                                                        }
                                                    }
                                                }
                                            }
                                        }
                                    }
                                },
                                "spatial_relations": {
                                    "1": {
                                        "~GroundTruth": {},
                                        "~SpatialRelation": {
                                            "b": [
                                                "curve_left"
                                            ],
                                            "transform": {
                                                "~SE2Transform": {
                                                    "theta": 0.0
                                                }
                                            }
                                        }
                                    }
                                }
                            }
                        },
                        "tile-2-1": {
                            "~Tile": {
                                "kind": "straight",
                                "drivable": true
                            },
                            "~PlacedObject": {
                                "children": {
                                    "straight": {
                                        "~PlacedObject": {
                                            "children": {
                                                "lane1": {
                                                    "~LaneSegment": {
                                                        "width": 0.376,
                                                        "control_points": [
                                                            {
                                                                "~SE2Transform": {
                                                                    "theta": 0.0,
                                                                    "p": [
                                                                        -0.5,
                                                                        -0.22
                                                                    ]
                                                                }
                                                            },
                                                            {
                                                                "~SE2Transform": {
                                                                    "theta": 0.0,
                                                                    "p": [
                                                                        0.5,
                                                                        -0.22
                                                                    ]
                                                                }
                                                            }
                                                        ]
                                                    },
                                                    "~PlacedObject": {}
                                                },
                                                "lane2": {
                                                    "~LaneSegment": {
                                                        "width": 0.376,
                                                        "control_points": [
                                                            {
                                                                "~SE2Transform": {
                                                                    "theta": 0.0,
                                                                    "p": [
                                                                        -0.5,
                                                                        -0.22
                                                                    ]
                                                                }
                                                            },
                                                            {
                                                                "~SE2Transform": {
                                                                    "theta": 0.0,
                                                                    "p": [
                                                                        0.5,
                                                                        -0.22
                                                                    ]
                                                                }
                                                            }
                                                        ]
                                                    },
                                                    "~PlacedObject": {}
                                                }
                                            },
                                            "spatial_relations": {
                                                "lane1": {
                                                    "~GroundTruth": {},
                                                    "~SpatialRelation": {
                                                        "b": [
                                                            "lane1"
                                                        ],
                                                        "transform": {
                                                            "~SE2Transform": {
                                                                "theta": 0.0
                                                            }
                                                        }
                                                    }
                                                },
                                                "lane2": {
                                                    "~GroundTruth": {},
                                                    "~SpatialRelation": {
                                                        "b": [
                                                            "lane2"
                                                        ],
                                                        "transform": {
                                                            "~SE2Transform": {
                                                                "theta_deg": 180
                                                            }
                                                        }
                                                    }
                                                }
                                            }
                                        }
                                    }
                                },
                                "spatial_relations": {
                                    "1": {
                                        "~GroundTruth": {},
                                        "~SpatialRelation": {
                                            "b": [
                                                "straight"
                                            ],
                                            "transform": {
                                                "~SE2Transform": {
                                                    "theta": 0.0
                                                }
                                            }
                                        }
                                    }
                                }
                            }
                        },
                        "tile-3-1": {
                            "~Tile": {
                                "kind": "curve_left",
                                "drivable": true
                            },
                            "~PlacedObject": {
                                "children": {
                                    "curve_left": {
                                        "~PlacedObject": {
                                            "children": {
                                                "curve": {
                                                    "~PlacedObject": {
                                                        "children": {
                                                            "lane1": {
                                                                "~LaneSegment": {
                                                                    "width": 0.376,
                                                                    "control_points": [
                                                                        {
                                                                            "~SE2Transform": {
                                                                                "theta": 0.0,
                                                                                "p": [
                                                                                    -0.5,
                                                                                    -0.22
                                                                                ]
                                                                            }
                                                                        },
                                                                        {
                                                                            "~SE2Transform": {
                                                                                "theta_deg": -45,
                                                                                "p": [
                                                                                    -0.3,
                                                                                    -0.3
                                                                                ]
                                                                            }
                                                                        },
                                                                        {
                                                                            "~SE2Transform": {
                                                                                "theta_deg": -90,
                                                                                "p": [
                                                                                    -0.22,
                                                                                    -0.5
                                                                                ]
                                                                            }
                                                                        }
                                                                    ]
                                                                },
                                                                "~PlacedObject": {}
                                                            },
                                                            "lane2": {
                                                                "~LaneSegment": {
                                                                    "width": 0.376,
                                                                    "control_points": [
                                                                        {
                                                                            "~SE2Transform": {
                                                                                "theta": 0.0,
                                                                                "p": [
                                                                                    -0.5,
                                                                                    -0.22
                                                                                ]
                                                                            }
                                                                        },
                                                                        {
                                                                            "~SE2Transform": {
                                                                                "theta_deg": 45
                                                                            }
                                                                        },
                                                                        {
                                                                            "~SE2Transform": {
                                                                                "theta_deg": 90,
                                                                                "p": [
                                                                                    0.22,
                                                                                    0.5
                                                                                ]
                                                                            }
                                                                        }
                                                                    ]
                                                                },
                                                                "~PlacedObject": {}
                                                            }
                                                        },
                                                        "spatial_relations": {
                                                            "lane1": {
                                                                "~GroundTruth": {},
                                                                "~SpatialRelation": {
                                                                    "b": [
                                                                        "lane1"
                                                                    ],
                                                                    "transform": {
                                                                        "~SE2Transform": {
                                                                            "theta": 0.0
                                                                        }
                                                                    }
                                                                }
                                                            },
                                                            "lane2": {
                                                                "~GroundTruth": {},
                                                                "~SpatialRelation": {
                                                                    "b": [
                                                                        "lane2"
                                                                    ],
                                                                    "transform": {
                                                                        "~SE2Transform": {
                                                                            "theta_deg": 90
                                                                        }
                                                                    }
                                                                }
                                                            }
                                                        }
                                                    }
                                                }
                                            },
                                            "spatial_relations": {
                                                "curve": {
                                                    "~GroundTruth": {},
                                                    "~SpatialRelation": {
                                                        "b": [
                                                            "curve"
                                                        ],
                                                        "transform": {
                                                            "~SE2Transform": {
                                                                "theta_deg": 270
                                                            }
                                                        }
                                                    }
                                                }
                                            }
                                        }
                                    }
                                },
                                "spatial_relations": {
                                    "1": {
                                        "~GroundTruth": {},
                                        "~SpatialRelation": {
                                            "b": [
                                                "curve_left"
                                            ],
                                            "transform": {
                                                "~SE2Transform": {
                                                    "theta": 0.0
                                                }
                                            }
                                        }
                                    }
                                }
                            }
                        },
                        "tile-4-1": {
                            "~Tile": {
                                "kind": "asphalt",
                                "drivable": false
                            },
                            "~PlacedObject": {}
                        },
                        "tile-0-0": {
                            "~Tile": {
                                "kind": "asphalt",
                                "drivable": false
                            },
                            "~PlacedObject": {}
                        },
                        "tile-1-0": {
                            "~Tile": {
                                "kind": "asphalt",
                                "drivable": false
                            },
                            "~PlacedObject": {}
                        },
                        "tile-2-0": {
                            "~Tile": {
                                "kind": "asphalt",
                                "drivable": false
                            },
                            "~PlacedObject": {}
                        },
                        "tile-3-0": {
                            "~Tile": {
                                "kind": "asphalt",
                                "drivable": false
                            },
                            "~PlacedObject": {}
                        },
                        "tile-4-0": {
                            "~Tile": {
                                "kind": "asphalt",
                                "drivable": false
                            },
                            "~PlacedObject": {}
                        }
                    },
                    "spatial_relations": {
                        "0": {
                            "~GroundTruth": {},
                            "~SpatialRelation": {
                                "b": [
                                    "tile-0-4"
                                ],
                                "transform": {
                                    "~TileCoords": {
                                        "i": 0,
                                        "j": 4,
                                        "orientation": "E"
                                    }
                                }
                            }
                        },
                        "1": {
                            "~GroundTruth": {},
                            "~SpatialRelation": {
                                "b": [
                                    "tile-1-4"
                                ],
                                "transform": {
                                    "~TileCoords": {
                                        "i": 1,
                                        "j": 4,
                                        "orientation": "E"
                                    }
                                }
                            }
                        },
                        "2": {
                            "~GroundTruth": {},
                            "~SpatialRelation": {
                                "b": [
                                    "tile-2-4"
                                ],
                                "transform": {
                                    "~TileCoords": {
                                        "i": 2,
                                        "j": 4,
                                        "orientation": "E"
                                    }
                                }
                            }
                        },
                        "3": {
                            "~GroundTruth": {},
                            "~SpatialRelation": {
                                "b": [
                                    "tile-3-4"
                                ],
                                "transform": {
                                    "~TileCoords": {
                                        "i": 3,
                                        "j": 4,
                                        "orientation": "E"
                                    }
                                }
                            }
                        },
                        "4": {
                            "~GroundTruth": {},
                            "~SpatialRelation": {
                                "b": [
                                    "tile-4-4"
                                ],
                                "transform": {
                                    "~TileCoords": {
                                        "i": 4,
                                        "j": 4,
                                        "orientation": "E"
                                    }
                                }
                            }
                        },
                        "5": {
                            "~GroundTruth": {},
                            "~SpatialRelation": {
                                "b": [
                                    "tile-0-3"
                                ],
                                "transform": {
                                    "~TileCoords": {
                                        "i": 0,
                                        "j": 3,
                                        "orientation": "E"
                                    }
                                }
                            }
                        },
                        "6": {
                            "~GroundTruth": {},
                            "~SpatialRelation": {
                                "b": [
                                    "tile-1-3"
                                ],
                                "transform": {
                                    "~TileCoords": {
                                        "i": 1,
                                        "j": 3,
                                        "orientation": "W"
                                    }
                                }
                            }
                        },
                        "7": {
                            "~GroundTruth": {},
                            "~SpatialRelation": {
                                "b": [
                                    "tile-2-3"
                                ],
                                "transform": {
                                    "~TileCoords": {
                                        "i": 2,
                                        "j": 3,
                                        "orientation": "W"
                                    }
                                }
                            }
                        },
                        "8": {
                            "~GroundTruth": {},
                            "~SpatialRelation": {
                                "b": [
                                    "tile-3-3"
                                ],
                                "transform": {
                                    "~TileCoords": {
                                        "i": 3,
                                        "j": 3,
                                        "orientation": "N"
                                    }
                                }
                            }
                        },
                        "9": {
                            "~GroundTruth": {},
                            "~SpatialRelation": {
                                "b": [
                                    "tile-4-3"
                                ],
                                "transform": {
                                    "~TileCoords": {
                                        "i": 4,
                                        "j": 3,
                                        "orientation": "E"
                                    }
                                }
                            }
                        },
                        "10": {
                            "~GroundTruth": {},
                            "~SpatialRelation": {
                                "b": [
                                    "tile-0-2"
                                ],
                                "transform": {
                                    "~TileCoords": {
                                        "i": 0,
                                        "j": 2,
                                        "orientation": "E"
                                    }
                                }
                            }
                        },
                        "11": {
                            "~GroundTruth": {},
                            "~SpatialRelation": {
                                "b": [
                                    "tile-1-2"
                                ],
                                "transform": {
                                    "~TileCoords": {
                                        "i": 1,
                                        "j": 2,
                                        "orientation": "S"
                                    }
                                }
                            }
                        },
                        "12": {
                            "~GroundTruth": {},
                            "~SpatialRelation": {
                                "b": [
                                    "tile-2-2"
                                ],
                                "transform": {
                                    "~TileCoords": {
                                        "i": 2,
                                        "j": 2,
                                        "orientation": "E"
                                    }
                                }
                            }
                        },
                        "13": {
                            "~GroundTruth": {},
                            "~SpatialRelation": {
                                "b": [
                                    "tile-3-2"
                                ],
                                "transform": {
                                    "~TileCoords": {
                                        "i": 3,
                                        "j": 2,
                                        "orientation": "N"
                                    }
                                }
                            }
                        },
                        "14": {
                            "~GroundTruth": {},
                            "~SpatialRelation": {
                                "b": [
                                    "tile-4-2"
                                ],
                                "transform": {
                                    "~TileCoords": {
                                        "i": 4,
                                        "j": 2,
                                        "orientation": "E"
                                    }
                                }
                            }
                        },
                        "15": {
                            "~GroundTruth": {},
                            "~SpatialRelation": {
                                "b": [
                                    "tile-0-1"
                                ],
                                "transform": {
                                    "~TileCoords": {
                                        "i": 0,
                                        "j": 1,
                                        "orientation": "E"
                                    }
                                }
                            }
                        },
                        "16": {
                            "~GroundTruth": {},
                            "~SpatialRelation": {
                                "b": [
                                    "tile-1-1"
                                ],
                                "transform": {
                                    "~TileCoords": {
                                        "i": 1,
                                        "j": 1,
                                        "orientation": "S"
                                    }
                                }
                            }
                        },
                        "17": {
                            "~GroundTruth": {},
                            "~SpatialRelation": {
                                "b": [
                                    "tile-2-1"
                                ],
                                "transform": {
                                    "~TileCoords": {
                                        "i": 2,
                                        "j": 1,
                                        "orientation": "E"
                                    }
                                }
                            }
                        },
                        "18": {
                            "~GroundTruth": {},
                            "~SpatialRelation": {
                                "b": [
                                    "tile-3-1"
                                ],
                                "transform": {
                                    "~TileCoords": {
                                        "i": 3,
                                        "j": 1,
                                        "orientation": "E"
                                    }
                                }
                            }
                        },
                        "19": {
                            "~GroundTruth": {},
                            "~SpatialRelation": {
                                "b": [
                                    "tile-4-1"
                                ],
                                "transform": {
                                    "~TileCoords": {
                                        "i": 4,
                                        "j": 1,
                                        "orientation": "E"
                                    }
                                }
                            }
                        },
                        "20": {
                            "~GroundTruth": {},
                            "~SpatialRelation": {
                                "b": [
                                    "tile-0-0"
                                ],
                                "transform": {
                                    "~TileCoords": {
                                        "i": 0,
                                        "j": 0,
                                        "orientation": "E"
                                    }
                                }
                            }
                        },
                        "21": {
                            "~GroundTruth": {},
                            "~SpatialRelation": {
                                "b": [
                                    "tile-1-0"
                                ],
                                "transform": {
                                    "~TileCoords": {
                                        "i": 1,
                                        "j": 0,
                                        "orientation": "E"
                                    }
                                }
                            }
                        },
                        "22": {
                            "~GroundTruth": {},
                            "~SpatialRelation": {
                                "b": [
                                    "tile-2-0"
                                ],
                                "transform": {
                                    "~TileCoords": {
                                        "i": 2,
                                        "j": 0,
                                        "orientation": "E"
                                    }
                                }
                            }
                        },
                        "23": {
                            "~GroundTruth": {},
                            "~SpatialRelation": {
                                "b": [
                                    "tile-3-0"
                                ],
                                "transform": {
                                    "~TileCoords": {
                                        "i": 3,
                                        "j": 0,
                                        "orientation": "E"
                                    }
                                }
                            }
                        },
                        "24": {
                            "~GroundTruth": {},
                            "~SpatialRelation": {
                                "b": [
                                    "tile-4-0"
                                ],
                                "transform": {
                                    "~TileCoords": {
                                        "i": 4,
                                        "j": 0,
                                        "orientation": "E"
                                    }
                                }
                            }
                        }
                    }
                }
            }
        },
        "spatial_relations": {
            "0": {
                "~GroundTruth": {},
                "~SpatialRelation": {
                    "b": [
                        "tilemap"
                    ],
                    "transform": {
                        "~Scale2D": {
                            "scale": 0.585
                        }
                    }
                }
            }
        }
    }
}